folder,filename
HikingBook_gpx,01-06-2025 一日單攻桃山喀拉葉很滑很難走.gpx
HikingBook_gpx,0228_二訪武陵桃山@2019.gpx
HikingBook_gpx,0301_再訪桃山回程@2019.gpx
HikingBook_gpx,0409桃山沒桃子.gpx
HikingBook_gpx,0410桃山.gpx
HikingBook_gpx,0521單攻桃山.gpx
HikingBook_gpx,0829桃山.gpx
HikingBook_gpx,1-18桃山.gpx
HikingBook_gpx,10-15 桃山單攻.gpx
HikingBook_gpx,10-17桃山喀拉業一日單攻.gpx
HikingBook_gpx,1091011-桃山.gpx
HikingBook_gpx,1091226桃山單攻.gpx
HikingBook_gpx,111.09.25桃山單攻.gpx
HikingBook_gpx,111.8.22桃山單攻.gpx
HikingBook_gpx,1110115桃山⛰️.gpx
HikingBook_gpx,1110116桃山瀑布步道.gpx
HikingBook_gpx,112-9-24桃山單攻.gpx
HikingBook_gpx,112.09.24桃山+喀拉業單登.gpx
HikingBook_gpx,112.11.12 桃山瀑布.gpx
HikingBook_gpx,113.9.21桃山瀑布ok!.gpx
HikingBook_gpx,12.03桃山.gpx
HikingBook_gpx,15-09-2024一日單攻武陵四秀少一秀.gpx
HikingBook_gpx,20123-9-23爬桃山爬到厭世.gpx
HikingBook_gpx,2014-5-25單攻桃山.gpx
HikingBook_gpx,20190204武陵農場桃山瀑布健行之旅.gpx
HikingBook_gpx,20200418 桃山.gpx
HikingBook_gpx,20200722桃山喀拉葉1日-修正.gpx
HikingBook_gpx,202011 桃山單攻.gpx
HikingBook_gpx,20201212 桃山.gpx
HikingBook_gpx,2021-11-25 武陵桃山上行.gpx
HikingBook_gpx,2021-11-26 桃山武陵下行.gpx
HikingBook_gpx,2021-11-27 桃山瀑布.gpx
HikingBook_gpx,2021-11-28 桃山.gpx
HikingBook_gpx,2021-11-7 桃山-詩崙山-喀拉業山.gpx
HikingBook_gpx,2021-11-7 桃山.gpx
HikingBook_gpx,2021-12-11 桃山.gpx
HikingBook_gpx,2021-12-18 桃山瀑布.gpx
HikingBook_gpx,2021-12-20 桃山單攻.gpx
HikingBook_gpx,2021-9-24 桃山瀑布單攻.gpx
HikingBook_gpx,2021-9-26 桃山單攻.gpx
HikingBook_gpx,20210320_桃山單攻.gpx
HikingBook_gpx,20210330 武陵四秀-桃山單攻.gpx
HikingBook_gpx,20210927桃山單攻.gpx
HikingBook_gpx,20211010 桃山.喀拉業山.gpx
HikingBook_gpx,20211010一日單攻武陵四秀(池有、品田、桃山、喀拉業).gpx
HikingBook_gpx,20211016-桃山單攻.gpx
HikingBook_gpx,2021桃喀單攻.gpx
HikingBook_gpx,2022-06-19 武陵二秀桃山喀拉葉.gpx
HikingBook_gpx,2022-07-10_03.11.05 桃山喀拉業單攻.gpx
HikingBook_gpx,2022-07-22桃山喀拉業.gpx
HikingBook_gpx,2022-1-1 武陵四秀-桃山 (1).gpx
HikingBook_gpx,2022-1-1 武陵四秀-桃山.gpx
HikingBook_gpx,2022-10-08 桃山.gpx
HikingBook_gpx,2022-10-20 桃山、詩崙山.gpx
HikingBook_gpx,2022-10-22 武陵農場桃山瀑布.gpx
HikingBook_gpx,2022-12-18 桃山瀑布.gpx
HikingBook_gpx,2022-12-6 桃山瀑布步道.gpx
HikingBook_gpx,2022-3-5 桃山 池有山.gpx
HikingBook_gpx,2022-4-2 桃山瀑布.gpx
HikingBook_gpx,2022-4-9 桃山池有山0型.gpx
HikingBook_gpx,2022-5-20 桃山、三叉營地、池有登山口.gpx
HikingBook_gpx,2022-6-13 桃山喀拉葉單登.gpx
HikingBook_gpx,2022-6-19 桃山.gpx
HikingBook_gpx,2022-6-25 桃山.gpx
HikingBook_gpx,2022-6-25 武陵四秀桃山百岳行.gpx
HikingBook_gpx,2022-6-3 桃山單攻.gpx
HikingBook_gpx,2022-6-3 桃山單攻下山.gpx
HikingBook_gpx,2022-6-5 日福德侍、麥樹仁南峰、麥樹仁、舊砲台山、加那桃山O型走.gpx
HikingBook_gpx,2022-7-10 桃山、喀拉業單攻.gpx
HikingBook_gpx,2022-7-16 1日四秀（凡人厭世腳程）.gpx
HikingBook_gpx,2022-7-31武陵三秀-品田-池有-桃山.gpx
HikingBook_gpx,2022-8-27 武陵二秀桃山喀拉業山單攻.gpx
HikingBook_gpx,2022-8-28 桃山單攻.gpx
HikingBook_gpx,2022-9-10 桃山.gpx
HikingBook_gpx,2022-9-25 第二座百岳-桃山🍑.gpx
HikingBook_gpx,2022.11.10 桃山、喀拉業山單攻.gpx
HikingBook_gpx,20220416  武陵四秀 桃山單攻.gpx
HikingBook_gpx,20220424 武陵農場 桃山瀑布.gpx
HikingBook_gpx,20220703_桃山單攻.gpx
HikingBook_gpx,20220710 一日桃山.gpx
HikingBook_gpx,20220910中秋自虐桃山.gpx
HikingBook_gpx,2022100 重裝16kg上桃山.gpx
HikingBook_gpx,20221001桃山.gpx
HikingBook_gpx,20221010 桃山山山屋到三叉營地撤退.gpx
HikingBook_gpx,20221011 桃山下坡.gpx
HikingBook_gpx,2022桃山.gpx
HikingBook_gpx,2023-04-02挑戰百岳-桃山、喀拉業山單攻.gpx
HikingBook_gpx,2023-04-13桃山喀拉業D1.gpx
HikingBook_gpx,2023-04-14桃山喀拉業D2.gpx
HikingBook_gpx,2023-04-30 桃山+喀拉業山.gpx
HikingBook_gpx,2023-05-05 桃山單攻.gpx
HikingBook_gpx,2023-054桃山.gpx
HikingBook_gpx,2023-06-03_ 桃山、喀拉業山.gpx
HikingBook_gpx,2023-0617 桃山一日單攻成功.gpx
HikingBook_gpx,2023-0707武陵山莊到桃山瀑布.gpx
HikingBook_gpx,2023-08-25武陵二秀-桃山池有.gpx
HikingBook_gpx,2023-09-16桃山單攻.gpx
HikingBook_gpx,2023-09-23 一日桃山.gpx
HikingBook_gpx,2023-10-1 桃山喀拉業單攻.gpx
HikingBook_gpx,2023-10-12 桃山-喀拉業山.gpx
HikingBook_gpx,2023-10-14 桃山客拉業單攻.gpx
HikingBook_gpx,2023-10-15桃山單攻.gpx
HikingBook_gpx,2023-10-17 桃山瀑布.gpx
HikingBook_gpx,2023-10-18 桃山喀拉葉.gpx
HikingBook_gpx,2023-10-2 桃山.gpx
HikingBook_gpx,2023-10-27 桃山.gpx
HikingBook_gpx,2023-10-28 桃山單攻.gpx
HikingBook_gpx,2023-10-9 桃山一日遊.gpx
HikingBook_gpx,2023-11-12桃山喀拉業+桃山瀑布.gpx
HikingBook_gpx,2023-11-13桃山瀑布小徑.gpx
HikingBook_gpx,2023-11-25 桃喀一日單攻.gpx
HikingBook_gpx,2023-11-25 桃山.gpx
HikingBook_gpx,2023-11-26 桃山單攻 (1).gpx
HikingBook_gpx,2023-11-26 桃山單攻.gpx
HikingBook_gpx,2023-11-26 桃山瀑布.gpx
HikingBook_gpx,2023-11-4 桃山一日單攻.gpx
HikingBook_gpx,2023-11-6 桃山瀑布.gpx
HikingBook_gpx,2023-12-03桃山瀑布步道.gpx
HikingBook_gpx,2023-12-3 上山下山都來累歪的桃山.gpx
HikingBook_gpx,2023-12-31 桃山.gpx
HikingBook_gpx,2023-3-23 桃山.gpx
HikingBook_gpx,2023-4-23 武陵四秀之🍑桃山+池有山，一日單攻.gpx
HikingBook_gpx,2023-4-3 桃山單攻.gpx
HikingBook_gpx,2023-4-30 第一座百岳 桃山單攻.gpx
HikingBook_gpx,2023-5-27 桃山.gpx
HikingBook_gpx,2023-5-28 品田、池有、桃山單攻⋯.gpx
HikingBook_gpx,2023-5-29.gpx
HikingBook_gpx,2023-6-10 桃山單攻.gpx
HikingBook_gpx,2023-6-23 單攻桃山+喀拉業.gpx
HikingBook_gpx,2023-6-23 桃山.gpx
HikingBook_gpx,2023-6-23桃山喀拉業單攻.gpx
HikingBook_gpx,2023-6-8 桃山單攻.gpx
HikingBook_gpx,2023-7-11 桃山.gpx
HikingBook_gpx,2023-7-11桃山.gpx
HikingBook_gpx,2023-7-15桃山瀑布步道.gpx
HikingBook_gpx,2023-7-16 桃山山屋回登山口.gpx
HikingBook_gpx,2023-7-23 桃山單攻 (1).gpx
HikingBook_gpx,2023-7-23 桃山單攻.gpx
HikingBook_gpx,2023-7-5 桃山武陵.gpx
HikingBook_gpx,2023-8-12 桃山單攻.gpx
HikingBook_gpx,2023-8-12 桃山瀑布.gpx
HikingBook_gpx,2023-8-13 桃山.gpx
HikingBook_gpx,2023-8-13 重裝桃山訓.gpx
HikingBook_gpx,2023-8-19 桃山.gpx
HikingBook_gpx,2023-8-2 親子桃山瀑布.gpx
HikingBook_gpx,2023-8-26 桃山.gpx
HikingBook_gpx,2023-8-27 桃山單攻.gpx
HikingBook_gpx,2023-9-13 桃山瀑布亂亂走.gpx
HikingBook_gpx,2023-9-16 桃喀單攻.gpx
HikingBook_gpx,2023-9-24 桃山單攻練腿.gpx
HikingBook_gpx,2023-9-24 桃山瀑布.gpx
HikingBook_gpx,2023.12.27桃山一日單攻.gpx
HikingBook_gpx,2023.9-24 桃山克喀拉業單攻.gpx
HikingBook_gpx,2023.9.17桃山單攻.gpx
HikingBook_gpx,20230610桃山.gpx
HikingBook_gpx,20230623桃山三刷克拉業二刷.gpx
HikingBook_gpx,20230711 桃山單攻.gpx
HikingBook_gpx,20231008桃山瀑布.gpx
HikingBook_gpx,20231108桃山輕鬆自在行.gpx
HikingBook_gpx,20231213-桃山單攻.gpx
HikingBook_gpx,20231225桃山瀑布.gpx
HikingBook_gpx,2024-02-02 武陵第一秀。桃山.gpx
HikingBook_gpx,2024-03-03 武陵二秀桃山喀拉葉 day 1.gpx
HikingBook_gpx,2024-03-04 喀拉葉山返回桃山.gpx
HikingBook_gpx,2024-04-04 桃山瀑布.gpx
HikingBook_gpx,2024-06-08 武陵2秀 桃山 喀拉業單攻.gpx
HikingBook_gpx,2024-0608桃山單攻.gpx
HikingBook_gpx,2024-1-29 桃山.gpx
HikingBook_gpx,2024-10-10 晨間輕裝登山_桃山瀑布步道.gpx
HikingBook_gpx,2024-10-11 晨間輕裝登山_武陵二秀：桃山與喀拉業山.gpx
HikingBook_gpx,2024-10-12 晨間輕裝登山_桃山瀑布步道.gpx
HikingBook_gpx,2024-10-12 武陵桃山瀑布.gpx
HikingBook_gpx,2024-10-13桃山單攻看日出.gpx
HikingBook_gpx,2024-10-20 桃山、喀拉業D1.gpx
HikingBook_gpx,2024-10-21 桃山、喀拉業Day2.gpx
HikingBook_gpx,2024-10-22 桃山.gpx
HikingBook_gpx,2024-10-25 桃山瀑布.gpx
HikingBook_gpx,2024-10-28 晚間輕裝登山_武陵四秀與大霸群峰縱走.gpx
HikingBook_gpx,2024-10-28 晨間輕裝登山_桃山瀑布步道.gpx
HikingBook_gpx,2024-10-29 晚間輕裝登山_桃山瀑布步道.gpx
HikingBook_gpx,2024-10-6 桃山步道.gpx
HikingBook_gpx,2024-10-7 晨間輕裝登山_桃山瀑布步道.gpx
HikingBook_gpx,2024-11-09 單攻桃山.gpx
HikingBook_gpx,2024-11-15 晨間輕裝登山_桃山瀑布步道.gpx
HikingBook_gpx,2024-11-17 桃山瀑布.gpx
HikingBook_gpx,2024-11-23桃山.gpx
HikingBook_gpx,2024-11-24 ㄧ日桃山.gpx
HikingBook_gpx,2024-11-24 小桃山猴子偷桃.gpx
HikingBook_gpx,2024-11-24 晚間輕裝登山_桃山瀑布步道.gpx
HikingBook_gpx,2024-11-24 桃山單攻.gpx
HikingBook_gpx,2024-11-25 桃山.gpx
HikingBook_gpx,2024-11-5 晨間輕裝登山_桃山瀑布步道.gpx
HikingBook_gpx,2024-11-9 桃山.gpx
HikingBook_gpx,2024-12-07 晨間輕裝登山.gpx
HikingBook_gpx,2024-12-1 桃喀單攻.gpx
HikingBook_gpx,2024-12-1 桃山單攻.gpx
HikingBook_gpx,2024-12-14 晚間輕裝登山_桃山瀑布步道.gpx
HikingBook_gpx,2024-12-14 輕裝登山_桃山步道.gpx
HikingBook_gpx,2024-12-15 晚間輕裝登山_桃山步道.gpx
HikingBook_gpx,2024-12-18 晚間輕裝登山_武陵二秀：桃山與池有山.gpx
HikingBook_gpx,2024-12-21 單攻桃山喀拉業.gpx
HikingBook_gpx,2024-12-22 桃山.gpx
HikingBook_gpx,2024-12-22 桃山單攻.gpx
HikingBook_gpx,2024-12-22 桃山步道.gpx
HikingBook_gpx,2024-12-22 桃山與桃山山屋.gpx
HikingBook_gpx,2024-12-22_桃山.gpx
HikingBook_gpx,2024-12-23 晨間輕裝登山_桃山步道.gpx
HikingBook_gpx,2024-12-28 晚間輕裝登山_桃山步道.gpx
HikingBook_gpx,2024-12-28 晚間輕裝登山_武陵四秀桃山單攻.gpx
HikingBook_gpx,2024-12-3 武陵農場桃山步道.gpx
HikingBook_gpx,2024-12-30 武陵二秀 桃山 喀拉業 單攻.gpx
HikingBook_gpx,2024-12-31 午後輕裝登山_武陵二秀：桃山與池有山.gpx
HikingBook_gpx,2024-12-31桃山.gpx
HikingBook_gpx,2024-12-6 晨間輕裝上桃山.gpx
HikingBook_gpx,2024-12-7 單攻桃山、池友山.gpx
HikingBook_gpx,2024-12-7 晨間輕裝登山_桃山步道.gpx
HikingBook_gpx,2024-12-7 桃山、喀拉業、池有.gpx
HikingBook_gpx,2024-12-8 晚間輕裝登山_桃山.gpx
HikingBook_gpx,2024-12-8 桃山單攻.gpx
HikingBook_gpx,2024-2-23 桃山單攻去.gpx
HikingBook_gpx,2024-3-15 晨間重裝桃山.gpx
HikingBook_gpx,2024-3-21桃山步道.gpx
HikingBook_gpx,2024-3-30 登桃山.gpx
HikingBook_gpx,2024-3-4 下桃山.gpx
HikingBook_gpx,2024-5-11 羅葉尾溪+武陵農場桃山瀑布.gpx
HikingBook_gpx,2024-5-18 桃山瀑布.gpx
HikingBook_gpx,2024-5-19桃山單攻.gpx
HikingBook_gpx,2024-5-24桃山瀑布.gpx
HikingBook_gpx,2024-5-28～30武陵3秀.gpx
HikingBook_gpx,2024-5-5 桃山一日.gpx
HikingBook_gpx,2024-6-16 桃山.gpx
HikingBook_gpx,2024-6-17 桃山.gpx
HikingBook_gpx,2024-6-21 桃山瀑布.gpx
HikingBook_gpx,2024-6-23 桃山喀拉曄登頂及下桃山登山活動.gpx
HikingBook_gpx,2024-7-1 桃山單攻🍑.gpx
HikingBook_gpx,2024-7-11 桃山喀拉業兩天一夜D1桃山&桃山山屋.gpx
HikingBook_gpx,2024-7-12 桃山喀拉業兩天一夜D2喀拉業來回.gpx
HikingBook_gpx,2024-7-19 桃山步道.gpx
HikingBook_gpx,2024-7-2 桃山、喀拉業單攻.gpx
HikingBook_gpx,2024-7-20 桃山山屋.gpx
HikingBook_gpx,2024-7-7  武陵桃山.gpx
HikingBook_gpx,2024-8-10 桃山.gpx
HikingBook_gpx,2024-8-11 晨間輕裝登山_桃山步道.gpx
HikingBook_gpx,2024-8-11 桃山瀑布.gpx
HikingBook_gpx,2024-8-13 從桃山神木谷地回到武陵山莊登山口.gpx
HikingBook_gpx,2024-8-13 晨間重裝登山_桃山瀑布步道.gpx
HikingBook_gpx,2024-8-13桃山瀑布.gpx
HikingBook_gpx,2024-8-24 桃山單攻.gpx
HikingBook_gpx,2024-8-31 午後輕裝登山_桃山瀑布步道.gpx
HikingBook_gpx,2024-9-1 晨間輕裝登山_桃山步道.gpx
HikingBook_gpx,2024-9-1 桃山.gpx
HikingBook_gpx,2024-9-1 桃山單攻.gpx
HikingBook_gpx,2024-9-11  武陵二秀（桃山、喀拉業山）單攻.gpx
HikingBook_gpx,2024-9-18 午後輕裝登山_桃山步道.gpx
HikingBook_gpx,2024-9-18 桃山未完.gpx
HikingBook_gpx,2024-9-29 桃山池有單攻.gpx
HikingBook_gpx,2024.08.31 台北中和-桃山  騎機車一日單攻.gpx
HikingBook_gpx,2024.12.16  桃山.gpx
HikingBook_gpx,20240204關西玉山 亞洲水泥玉山礦場 大庭頂山 麥嘉縱走之六畜山 巴卡山 帽盒山 加那桃山 舊砲台山 取赤柯山腰回程順O走.gpx
HikingBook_gpx,20240214桃山.gpx
HikingBook_gpx,20240303 與柯桃山初百岳.gpx
HikingBook_gpx,20240303桃山+喀拉業單攻.gpx
HikingBook_gpx,20240303阿姿第一座百岳桃山.gpx
HikingBook_gpx,20240421桃山.gpx
HikingBook_gpx,20240524桃山瀑布步道.gpx
HikingBook_gpx,20240610 桃山瀑布.gpx
HikingBook_gpx,20240615桃山.gpx
HikingBook_gpx,202408-10 桃山之行 硬啊.gpx
HikingBook_gpx,20240917桃山.gpx
HikingBook_gpx,20241012桃山單攻.gpx
HikingBook_gpx,20241029桃山單攻.gpx
HikingBook_gpx,20241112桃山登頂未遂.gpx
HikingBook_gpx,2025-02-01 桃山瀑布.gpx
HikingBook_gpx,2025-04-04 凌晨輕裝登山 _ 武陵四秀-桃山.gpx
HikingBook_gpx,2025-04-04 桃山.gpx
HikingBook_gpx,2025-05-17 桃山單攻.gpx
HikingBook_gpx,2025-05-31 桃山單攻去程.gpx
HikingBook_gpx,2025-05-31 桃山單攻回程.gpx
HikingBook_gpx,2025-06-07 武陵二秀桃山，池有山.gpx
HikingBook_gpx,2025-06-23 晨間輕裝登山 _ 2025-06-23 桃山單攻.gpx
HikingBook_gpx,2025-1-18 晨間輕裝登山_桃山瀑布步道.gpx
HikingBook_gpx,2025-1-26 輕裝桃山.gpx
HikingBook_gpx,2025-1-4 武陵四秀桃山單攻.gpx
HikingBook_gpx,2025-2-1 晨間輕裝登山_桃山瀑布步道.gpx
HikingBook_gpx,2025-2-1 晨間輕裝登山_武陵二秀：桃山與池有山.gpx
HikingBook_gpx,2025-2-13 午後輕裝登山_桃山瀑布步道.gpx
HikingBook_gpx,2025-2-13 晨間輕裝登山_武陵二秀：桃山與池有山.gpx
HikingBook_gpx,2025-2-15 桃山、喀拉業單攻.gpx
HikingBook_gpx,2025-2-18桃山瀑布.gpx
HikingBook_gpx,2025-2-21 晨間重裝登山_桃山步道.gpx
HikingBook_gpx,2025-3-23 桃山喀拉業單攻.gpx
HikingBook_gpx,2025-3-23 桃山碦拉業.gpx
HikingBook_gpx,2025-3-4 晨間輕裝登山_桃山瀑布步道 (1).gpx
HikingBook_gpx,2025-3-4 晨間輕裝登山_桃山瀑布步道.gpx
HikingBook_gpx,2025-3-7 午後輕裝登山_桃山瀑布步道.gpx
HikingBook_gpx,2025-3-8 桃山瀑布步道.gpx
HikingBook_gpx,2025-3-9 桃山單攻（休1.5小時）.gpx
HikingBook_gpx,2025-4-12 晨間輕裝登山_桃山.gpx
HikingBook_gpx,2025-4-12 武陵四秀-單攻桃山.gpx
HikingBook_gpx,2025-4-19 晚間跑步_桃山瀑布步道.gpx
HikingBook_gpx,2025-4-19 桃山 喀拉業.gpx
HikingBook_gpx,2025-4-25 午後輕裝桃山瀑布.gpx
HikingBook_gpx,2025-4-26 中午跑步_桃山瀑布步道.gpx
HikingBook_gpx,2025-4-27 晚間輕裝登山_桃山瀑布步.gpx
HikingBook_gpx,2025-4-4 晚間輕裝登山_桃山瀑布步道.gpx
HikingBook_gpx,2025-4-4 桃山一日單攻.gpx
HikingBook_gpx,2025-5-1 晨間輕裝登山_桃山瀑布步道.gpx
HikingBook_gpx,2025-5-14 武陵農場池有山-桃山一日單攻.gpx
HikingBook_gpx,2025-5-17 晨間輕裝登山_武陵二秀：桃山與池有山.gpx
HikingBook_gpx,2025-5-17 桃山單攻.gpx
HikingBook_gpx,2025-5-18  桃山單攻.gpx
HikingBook_gpx,2025-5-18 桃山單攻.gpx
HikingBook_gpx,2025-5-18 武陵二秀：桃山與喀拉業山.gpx
HikingBook_gpx,2025-5-20 登桃山一日遊.gpx
HikingBook_gpx,2025-5-22 晨間輕裝登山_桃山瀑布步道.gpx
HikingBook_gpx,2025-5-22 桃山瀑布步道.gpx
HikingBook_gpx,2025-5-3 大鵰桃山單攻.gpx
HikingBook_gpx,2025-5-30 端午節桃山單攻.gpx
HikingBook_gpx,2025-5-31 晨間輕裝登山_桃山瀑布步道.gpx
HikingBook_gpx,2025-5-31端午節桃山單攻.gpx
HikingBook_gpx,2025-5-9 晚間輕裝登山_桃山瀑布步道.gpx
HikingBook_gpx,2025-6-1 晨間輕裝登山_新達山屋桃山瀑布步道.gpx
HikingBook_gpx,2025-6-10 桃山單攻.gpx
HikingBook_gpx,2025-6-15 晨間輕裝登山_桃山瀑布步道.gpx
HikingBook_gpx,2025-6-15 桃喀ㄧ日單攻.gpx
HikingBook_gpx,2025-6-15 桃山12刷.gpx
HikingBook_gpx,2025-6-19 桃山單攻.gpx
HikingBook_gpx,2025-6-22 武陵二秀：桃山喀拉業.gpx
HikingBook_gpx,2025-6-23 晨間輕裝登山_桃山瀑布步道.gpx
HikingBook_gpx,2025-6-23 桃山單攻.gpx
HikingBook_gpx,2025-6-29 單攻桃山加桃山瀑布.gpx
HikingBook_gpx,2025-6-29 桃山.gpx
HikingBook_gpx,2025-6-7 武陵二秀，桃山池有山.gpx
HikingBook_gpx,2025-6-8 晚間輕裝登山_桃山瀑布步道.gpx
HikingBook_gpx,2025-6-8 桃山11刷.gpx
HikingBook_gpx,2025-6-8 桃山喀拉業山單攻.gpx
HikingBook_gpx,2025-6-9 桃克單攻.gpx
HikingBook_gpx,2025-6-9 桃喀單攻.gpx
HikingBook_gpx,2025-7-11 桃山瀑布.gpx
HikingBook_gpx,2025-7-5 桃山步道、桃山瀑布.gpx
HikingBook_gpx,2025.05.18 桃山+喀拉業.gpx
HikingBook_gpx,20250425新達品田池有桃山.gpx
HikingBook_gpx,20250501 武陵四秀桃山-喀拉業.gpx
HikingBook_gpx,225.01.05武陵三秀 品田山、池有山、桃山.gpx
HikingBook_gpx,230311桃山喀拉業.gpx
HikingBook_gpx,231015 桃山瀑布+桃山登山步道1.2k.gpx
HikingBook_gpx,231111 桃山喀拉業.gpx
HikingBook_gpx,240328桃山.gpx
HikingBook_gpx,292305桃山瀑布（未完）.gpx
HikingBook_gpx,3-19桃克單攻.gpx
HikingBook_gpx,5-25-25 晨間輕裝登山 桃山瀑佈.gpx
HikingBook_gpx,713桃山單攻.gpx
HikingBook_gpx,8-11-2023單登桃山.gpx
HikingBook_gpx,Amouter單攻桃山.gpx
HikingBook_gpx,Day2 桃山 喀拉業.gpx
HikingBook_gpx,Jayden-桃山.gpx
HikingBook_gpx,T 日福德侍、麥樹仁南峰、麥樹仁、舊砲台山、加那桃山O型走.gpx
HikingBook_gpx,[武陵四秀] D2-新達山屋-桃山山屋.gpx
HikingBook_gpx,[武陵四秀] D3-桃山-武陵農場.gpx
HikingBook_gpx,「桃山」單攻.gpx
HikingBook_gpx,一日三秀 (1).gpx
HikingBook_gpx,一日三秀-品田-池有-桃山 (1).gpx
HikingBook_gpx,一日三秀-品田-池有-桃山.gpx
HikingBook_gpx,一日三秀-池有、品田、桃山.gpx
HikingBook_gpx,一日三秀.gpx
HikingBook_gpx,一日二秀 桃山 喀拉業.gpx
HikingBook_gpx,一日二秀 桃山·喀拉葉山.gpx
HikingBook_gpx,一日二秀 桃山、喀拉業.gpx
HikingBook_gpx,一日二秀-桃山、喀拉業.gpx
HikingBook_gpx,一日二秀-桃山、喀拉業山.gpx
HikingBook_gpx,一日二秀（桃山喀拉業）.gpx
HikingBook_gpx,一日單攻 桃山 池有山.gpx
HikingBook_gpx,一日單攻桃山喀拉業.gpx
HikingBook_gpx,一日單攻武陵四秀.gpx
HikingBook_gpx,一日四秀 (1).gpx
HikingBook_gpx,一日四秀 (2).gpx
HikingBook_gpx,一日四秀 (3).gpx
HikingBook_gpx,一日四秀 (4).gpx
HikingBook_gpx,一日四秀......失敗.gpx
HikingBook_gpx,一日四秀.gpx
HikingBook_gpx,一日桃喀.gpx
HikingBook_gpx,一日桃山 (1).gpx
HikingBook_gpx,一日桃山 (2).gpx
HikingBook_gpx,一日桃山.gpx
HikingBook_gpx,一日桃山、池有山.gpx
HikingBook_gpx,一日桃山上池有下.gpx
HikingBook_gpx,一日桃山單攻.gpx
HikingBook_gpx,一日桃山散步行.gpx
HikingBook_gpx,一日桃山（停車場出發）.gpx
HikingBook_gpx,一日桃詩🍑.gpx
HikingBook_gpx,一日武陵三秀 品田 池有 桃山.gpx
HikingBook_gpx,一日武陵二秀 桃山 池有.gpx
HikingBook_gpx,一日武陵二秀-桃山、喀拉業山、桃山瀑布.gpx
HikingBook_gpx,一日武陵二秀（桃山、喀拉業山） 2023-04-22.gpx
HikingBook_gpx,一日武陵四秀.gpx
HikingBook_gpx,初岳單攻-桃山.詩崙山.喀拉業山.gpx
HikingBook_gpx,初百岳-桃山.gpx
HikingBook_gpx,台中。和平。武陵桃山步道.gpx
HikingBook_gpx,單攻桃山 (1).gpx
HikingBook_gpx,單攻桃山 (2).gpx
HikingBook_gpx,單攻桃山 喀拉業.gpx
HikingBook_gpx,單攻桃山-喀拉業.gpx
HikingBook_gpx,單攻桃山.gpx
HikingBook_gpx,單攻桃山喀拉業.gpx
HikingBook_gpx,單攻桃山喀拉業🍑.gpx
HikingBook_gpx,單攻桃山喀拉葉20220529.gpx
HikingBook_gpx,單攻百岳No.48 桃山.gpx
HikingBook_gpx,大霸尖山行前訓練-單攻桃山.gpx
HikingBook_gpx,天氣太好之桃山單攻加碼池有.gpx
HikingBook_gpx,我的第一座百岳-桃山.gpx
HikingBook_gpx,新竹台中交界_一日二秀（池有山、桃山O型）.gpx
HikingBook_gpx,新竹台中交界_桃山一日單登.gpx
HikingBook_gpx,新達品田山到桃山山屋.gpx
HikingBook_gpx,新達至桃山山屋.gpx
HikingBook_gpx,晨間桃山瀑布散策.gpx
HikingBook_gpx,晨間輕裝登山 桃山.gpx
HikingBook_gpx,桃咯單攻.gpx
HikingBook_gpx,桃品池單攻.gpx
HikingBook_gpx,桃喀單攻 (1).gpx
HikingBook_gpx,桃喀單攻 (2).gpx
HikingBook_gpx,桃喀單攻 (3).gpx
HikingBook_gpx,桃喀單攻 (4).gpx
HikingBook_gpx,桃喀單攻 (5).gpx
HikingBook_gpx,桃喀單攻.gpx
HikingBook_gpx,桃山 (1).gpx
HikingBook_gpx,桃山 (10).gpx
HikingBook_gpx,桃山 (11).gpx
HikingBook_gpx,桃山 (12).gpx
HikingBook_gpx,桃山 (13).gpx
HikingBook_gpx,桃山 (14).gpx
HikingBook_gpx,桃山 (15).gpx
HikingBook_gpx,桃山 (16).gpx
HikingBook_gpx,桃山 (17).gpx
HikingBook_gpx,桃山 (18).gpx
HikingBook_gpx,桃山 (19).gpx
HikingBook_gpx,桃山 (2).gpx
HikingBook_gpx,桃山 (20).gpx
HikingBook_gpx,桃山 (21).gpx
HikingBook_gpx,桃山 (22).gpx
HikingBook_gpx,桃山 (23).gpx
HikingBook_gpx,桃山 (24).gpx
HikingBook_gpx,桃山 (25).gpx
HikingBook_gpx,桃山 (26).gpx
HikingBook_gpx,桃山 (27).gpx
HikingBook_gpx,桃山 (28).gpx
HikingBook_gpx,桃山 (29).gpx
HikingBook_gpx,桃山 (3).gpx
HikingBook_gpx,桃山 (30).gpx
HikingBook_gpx,桃山 (31).gpx
HikingBook_gpx,桃山 (32).gpx
HikingBook_gpx,桃山 (33).gpx
HikingBook_gpx,桃山 (34).gpx
HikingBook_gpx,桃山 (35).gpx
HikingBook_gpx,桃山 (36).gpx
HikingBook_gpx,桃山 (37).gpx
HikingBook_gpx,桃山 (38).gpx
HikingBook_gpx,桃山 (39).gpx
HikingBook_gpx,桃山 (4).gpx
HikingBook_gpx,桃山 (40).gpx
HikingBook_gpx,桃山 (41).gpx
HikingBook_gpx,桃山 (42).gpx
HikingBook_gpx,桃山 (43).gpx
HikingBook_gpx,桃山 (44).gpx
HikingBook_gpx,桃山 (45).gpx
HikingBook_gpx,桃山 (46).gpx
HikingBook_gpx,桃山 (47).gpx
HikingBook_gpx,桃山 (48).gpx
HikingBook_gpx,桃山 (49).gpx
HikingBook_gpx,桃山 (5).gpx
HikingBook_gpx,桃山 (50).gpx
HikingBook_gpx,桃山 (51).gpx
HikingBook_gpx,桃山 (52).gpx
HikingBook_gpx,桃山 (53).gpx
HikingBook_gpx,桃山 (54).gpx
HikingBook_gpx,桃山 (55).gpx
HikingBook_gpx,桃山 (56).gpx
HikingBook_gpx,桃山 (57).gpx
HikingBook_gpx,桃山 (58).gpx
HikingBook_gpx,桃山 (59).gpx
HikingBook_gpx,桃山 (6).gpx
HikingBook_gpx,桃山 (60).gpx
HikingBook_gpx,桃山 (61).gpx
HikingBook_gpx,桃山 (7).gpx
HikingBook_gpx,桃山 (8).gpx
HikingBook_gpx,桃山 (9).gpx
HikingBook_gpx,桃山 克啦業.gpx
HikingBook_gpx,桃山 克拉業 單攻.gpx
HikingBook_gpx,桃山 品田.gpx
HikingBook_gpx,桃山 喀拉業.gpx
HikingBook_gpx,桃山 喀拉葉山.gpx
HikingBook_gpx,桃山 池有.gpx
HikingBook_gpx,桃山 池有單攻.gpx
HikingBook_gpx,桃山 🏔池有山🏔單攻.gpx
HikingBook_gpx,桃山&喀拉業山.gpx
HikingBook_gpx,桃山&池有.gpx
HikingBook_gpx,桃山+喀拉業 2021-11-15(GPS軌跡有誤）.gpx
HikingBook_gpx,桃山+喀拉業.gpx
HikingBook_gpx,桃山-喀拉業.gpx
HikingBook_gpx,桃山.gpx
HikingBook_gpx,桃山1126.gpx
HikingBook_gpx,桃山15-喀拉業16.gpx
HikingBook_gpx,桃山2.1K野餐20240316.gpx
HikingBook_gpx,桃山20210411.gpx
HikingBook_gpx,桃山2023-4-27.gpx
HikingBook_gpx,桃山O型走-1日.gpx
HikingBook_gpx,桃山_喀拉業.gpx
HikingBook_gpx,桃山·後段車上才關紀錄.gpx
HikingBook_gpx,桃山、喀拉業 (1).gpx
HikingBook_gpx,桃山、喀拉業.gpx
HikingBook_gpx,桃山、喀拉業單攻.gpx
HikingBook_gpx,桃山、喀拉業山單攻.gpx
HikingBook_gpx,桃山、喀拉業山單登.gpx
HikingBook_gpx,桃山一日單攻 (1).gpx
HikingBook_gpx,桃山一日單攻 (2).gpx
HikingBook_gpx,桃山一日單攻.gpx
HikingBook_gpx,桃山一日單攻_20220416.gpx
HikingBook_gpx,桃山上 池有下 O型 單攻.gpx
HikingBook_gpx,桃山上-池有山下.gpx
HikingBook_gpx,桃山上池有下（未上池有山三角點）.gpx
HikingBook_gpx,桃山下武陵.gpx
HikingBook_gpx,桃山下武陵山莊.gpx
HikingBook_gpx,桃山不要再去了.gpx
HikingBook_gpx,桃山克拉業 (1).gpx
HikingBook_gpx,桃山克拉業.gpx
HikingBook_gpx,桃山克拉業單攻.gpx
HikingBook_gpx,桃山喀拉業 (1).gpx
HikingBook_gpx,桃山喀拉業 (2).gpx
HikingBook_gpx,桃山喀拉業 (3).gpx
HikingBook_gpx,桃山喀拉業 (4).gpx
HikingBook_gpx,桃山喀拉業 (5).gpx
HikingBook_gpx,桃山喀拉業 (6).gpx
HikingBook_gpx,桃山喀拉業 (7).gpx
HikingBook_gpx,桃山喀拉業 單攻.gpx
HikingBook_gpx,桃山喀拉業.gpx
HikingBook_gpx,桃山喀拉業D1.gpx
HikingBook_gpx,桃山喀拉業D2.gpx
HikingBook_gpx,桃山喀拉業一日單攻 (1).gpx
HikingBook_gpx,桃山喀拉業一日單攻.gpx
HikingBook_gpx,桃山喀拉業單攻 (1).gpx
HikingBook_gpx,桃山喀拉業單攻 (2).gpx
HikingBook_gpx,桃山喀拉業單攻 (3).gpx
HikingBook_gpx,桃山喀拉業單攻 (4).gpx
HikingBook_gpx,桃山喀拉業單攻 (5).gpx
HikingBook_gpx,桃山喀拉業單攻.gpx
HikingBook_gpx,桃山喀拉業單攻20240706.gpx
HikingBook_gpx,桃山喀拉業單攻，地震路徑崩塌.gpx
HikingBook_gpx,桃山喀拉業山 (1).gpx
HikingBook_gpx,桃山喀拉業山.gpx
HikingBook_gpx,桃山喀拉業山單攻.gpx
HikingBook_gpx,桃山喀拉葉.gpx
HikingBook_gpx,桃山喀拉葉單攻.gpx
HikingBook_gpx,桃山喀拉葉山.gpx
HikingBook_gpx,桃山喀拉葉山單攻.gpx
HikingBook_gpx,桃山喀拉頁 (1).gpx
HikingBook_gpx,桃山喀拉頁 (2).gpx
HikingBook_gpx,桃山喀拉頁.gpx
HikingBook_gpx,桃山單.gpx
HikingBook_gpx,桃山單攻 (1).gpx
HikingBook_gpx,桃山單攻 (10).gpx
HikingBook_gpx,桃山單攻 (11).gpx
HikingBook_gpx,桃山單攻 (12).gpx
HikingBook_gpx,桃山單攻 (13).gpx
HikingBook_gpx,桃山單攻 (14).gpx
HikingBook_gpx,桃山單攻 (15).gpx
HikingBook_gpx,桃山單攻 (16).gpx
HikingBook_gpx,桃山單攻 (17).gpx
HikingBook_gpx,桃山單攻 (18).gpx
HikingBook_gpx,桃山單攻 (19).gpx
HikingBook_gpx,桃山單攻 (2).gpx
HikingBook_gpx,桃山單攻 (20).gpx
HikingBook_gpx,桃山單攻 (21).gpx
HikingBook_gpx,桃山單攻 (22).gpx
HikingBook_gpx,桃山單攻 (23).gpx
HikingBook_gpx,桃山單攻 (24).gpx
HikingBook_gpx,桃山單攻 (25).gpx
HikingBook_gpx,桃山單攻 (26).gpx
HikingBook_gpx,桃山單攻 (27).gpx
HikingBook_gpx,桃山單攻 (28).gpx
HikingBook_gpx,桃山單攻 (29).gpx
HikingBook_gpx,桃山單攻 (3).gpx
HikingBook_gpx,桃山單攻 (30).gpx
HikingBook_gpx,桃山單攻 (31).gpx
HikingBook_gpx,桃山單攻 (32).gpx
HikingBook_gpx,桃山單攻 (33).gpx
HikingBook_gpx,桃山單攻 (34).gpx
HikingBook_gpx,桃山單攻 (35).gpx
HikingBook_gpx,桃山單攻 (36).gpx
HikingBook_gpx,桃山單攻 (37).gpx
HikingBook_gpx,桃山單攻 (38).gpx
HikingBook_gpx,桃山單攻 (39).gpx
HikingBook_gpx,桃山單攻 (4).gpx
HikingBook_gpx,桃山單攻 (40).gpx
HikingBook_gpx,桃山單攻 (41).gpx
HikingBook_gpx,桃山單攻 (42).gpx
HikingBook_gpx,桃山單攻 (43).gpx
HikingBook_gpx,桃山單攻 (44).gpx
HikingBook_gpx,桃山單攻 (45).gpx
HikingBook_gpx,桃山單攻 (46).gpx
HikingBook_gpx,桃山單攻 (47).gpx
HikingBook_gpx,桃山單攻 (48).gpx
HikingBook_gpx,桃山單攻 (49).gpx
HikingBook_gpx,桃山單攻 (5).gpx
HikingBook_gpx,桃山單攻 (50).gpx
HikingBook_gpx,桃山單攻 (51).gpx
HikingBook_gpx,桃山單攻 (52).gpx
HikingBook_gpx,桃山單攻 (6).gpx
HikingBook_gpx,桃山單攻 (7).gpx
HikingBook_gpx,桃山單攻 (8).gpx
HikingBook_gpx,桃山單攻 (9).gpx
HikingBook_gpx,桃山單攻.gpx
HikingBook_gpx,桃山單攻2022-07-22.gpx
HikingBook_gpx,桃山單攻20220730.gpx
HikingBook_gpx,桃山單攻20240120.gpx
HikingBook_gpx,桃山單攻20240714.gpx
HikingBook_gpx,桃山單攻無傷完登.gpx
HikingBook_gpx,桃山單日單攻.gpx
HikingBook_gpx,桃山單登 (1).gpx
HikingBook_gpx,桃山單登.gpx
HikingBook_gpx,桃山完工.gpx
HikingBook_gpx,桃山小辣椒.gpx
HikingBook_gpx,桃山山屋到武陵山莊.gpx
HikingBook_gpx,桃山山屋至喀拉業山.gpx
HikingBook_gpx,桃山撤退行XD.gpx
HikingBook_gpx,桃山步道 (1).gpx
HikingBook_gpx,桃山步道 (2).gpx
HikingBook_gpx,桃山步道 (3).gpx
HikingBook_gpx,桃山步道 (4).gpx
HikingBook_gpx,桃山步道 (5).gpx
HikingBook_gpx,桃山步道 (6).gpx
HikingBook_gpx,桃山步道.gpx
HikingBook_gpx,桃山步道2.1K+桃山瀑布.gpx
HikingBook_gpx,桃山池有 (1).gpx
HikingBook_gpx,桃山池有.gpx
HikingBook_gpx,桃山池有0型縱走.gpx
HikingBook_gpx,桃山池有20221010.gpx
HikingBook_gpx,桃山池有O型.gpx
HikingBook_gpx,桃山池有單攻.gpx
HikingBook_gpx,桃山池有山一日來回.gpx
HikingBook_gpx,桃山池有山單攻.gpx
HikingBook_gpx,桃山瀑布 (1).gpx
HikingBook_gpx,桃山瀑布 (10).gpx
HikingBook_gpx,桃山瀑布 (11).gpx
HikingBook_gpx,桃山瀑布 (12).gpx
HikingBook_gpx,桃山瀑布 (13).gpx
HikingBook_gpx,桃山瀑布 (14).gpx
HikingBook_gpx,桃山瀑布 (15).gpx
HikingBook_gpx,桃山瀑布 (16).gpx
HikingBook_gpx,桃山瀑布 (17).gpx
HikingBook_gpx,桃山瀑布 (18).gpx
HikingBook_gpx,桃山瀑布 (19).gpx
HikingBook_gpx,桃山瀑布 (2).gpx
HikingBook_gpx,桃山瀑布 (20).gpx
HikingBook_gpx,桃山瀑布 (21).gpx
HikingBook_gpx,桃山瀑布 (22).gpx
HikingBook_gpx,桃山瀑布 (23).gpx
HikingBook_gpx,桃山瀑布 (24).gpx
HikingBook_gpx,桃山瀑布 (25).gpx
HikingBook_gpx,桃山瀑布 (26).gpx
HikingBook_gpx,桃山瀑布 (27).gpx
HikingBook_gpx,桃山瀑布 (28).gpx
HikingBook_gpx,桃山瀑布 (29).gpx
HikingBook_gpx,桃山瀑布 (3).gpx
HikingBook_gpx,桃山瀑布 (30).gpx
HikingBook_gpx,桃山瀑布 (31).gpx
HikingBook_gpx,桃山瀑布 (32).gpx
HikingBook_gpx,桃山瀑布 (33).gpx
HikingBook_gpx,桃山瀑布 (34).gpx
HikingBook_gpx,桃山瀑布 (35).gpx
HikingBook_gpx,桃山瀑布 (36).gpx
HikingBook_gpx,桃山瀑布 (4).gpx
HikingBook_gpx,桃山瀑布 (5).gpx
HikingBook_gpx,桃山瀑布 (6).gpx
HikingBook_gpx,桃山瀑布 (7).gpx
HikingBook_gpx,桃山瀑布 (8).gpx
HikingBook_gpx,桃山瀑布 (9).gpx
HikingBook_gpx,桃山瀑布+品田池有1.5K折返.gpx
HikingBook_gpx,桃山瀑布.gpx
HikingBook_gpx,桃山瀑布2023 9月10號.gpx
HikingBook_gpx,桃山瀑布健走.gpx
HikingBook_gpx,桃山瀑布步道 (1).gpx
HikingBook_gpx,桃山瀑布步道 (2).gpx
HikingBook_gpx,桃山瀑布步道 (3).gpx
HikingBook_gpx,桃山瀑布步道 (4).gpx
HikingBook_gpx,桃山瀑布步道 (5).gpx
HikingBook_gpx,桃山瀑布步道 (6).gpx
HikingBook_gpx,桃山瀑布步道 (7).gpx
HikingBook_gpx,桃山瀑布步道-12月午後.gpx
HikingBook_gpx,桃山瀑布步道.gpx
HikingBook_gpx,桃山瀑布步道2025-03-23.gpx
HikingBook_gpx,桃山瀑布步道2025-03-24.gpx
HikingBook_gpx,桃山瀑布步道健行.gpx
HikingBook_gpx,桃山瀑布輕裝行.gpx
HikingBook_gpx,"桃山瀑布（lemon_7y1m,oliver_3y6m).gpx"
HikingBook_gpx,桃山登山 (1).gpx
HikingBook_gpx,桃山登山.gpx
HikingBook_gpx,桃山百岳.gpx
HikingBook_gpx,桃山碦拉業單攻.gpx
HikingBook_gpx,桃山第八刷20240511.gpx
HikingBook_gpx,桃山第十刷.gpx
HikingBook_gpx,桃山至武陵吊橋.gpx
HikingBook_gpx,桃山與喀拉業山單攻 2024.11.20.gpx
HikingBook_gpx,桃山行.gpx
HikingBook_gpx,桃山詩崙碦拉業(單).gpx
HikingBook_gpx,桃山軟爛行程.gpx
HikingBook_gpx,桃山🍑一日單攻.gpx
HikingBook_gpx,桃山（武陵四秀）.gpx
HikingBook_gpx,桃山，2023-11-4 晚間輕裝.gpx
HikingBook_gpx,桃山，go.go.go.gpx
HikingBook_gpx,桃山，喀拉業山.gpx
HikingBook_gpx,桃山｜百岳048｜武陵四秀.gpx
HikingBook_gpx,桃山￼.gpx
HikingBook_gpx,武陵4秀-桃山.gpx
HikingBook_gpx,武陵一秀 - 桃山.gpx
HikingBook_gpx,武陵三秀 品田-池有-桃山 武2021-09-29 02_04 尚未命名的行程.gpx
HikingBook_gpx,武陵三秀單攻.gpx
HikingBook_gpx,武陵二秀-桃山、池有.gpx
HikingBook_gpx,武陵二秀“品田池有”單攻記錄.gpx
HikingBook_gpx,武陵二秀一日-桃山、喀拉業山、桃山瀑布.gpx
HikingBook_gpx,武陵二秀新達山屋前往桃山、喀拉業.gpx
HikingBook_gpx,武陵二秀（喀拉業和桃山）.gpx
HikingBook_gpx,武陵二秀（桃山、池有山）（單攻）.gpx
HikingBook_gpx,武陵二秀（桃山喀拉業）單攻.gpx
HikingBook_gpx,武陵二秀－桃山喀拉業山單攻1101115.gpx
HikingBook_gpx,武陵二秀～桃山&喀拉業山（單攻）.gpx
HikingBook_gpx,武陵四秀 (1).gpx
HikingBook_gpx,武陵四秀 (2).gpx
HikingBook_gpx,武陵四秀 - 桃山 單攻.gpx
HikingBook_gpx,武陵四秀 - 桃山.gpx
HikingBook_gpx,"武陵四秀 D1 桃山, 百岳#48, 3325m.gpx"
HikingBook_gpx,武陵四秀 一日單攻.gpx
HikingBook_gpx,武陵四秀 桃山 (1).gpx
HikingBook_gpx,武陵四秀 桃山.gpx
HikingBook_gpx,武陵四秀-桃山 (1).gpx
HikingBook_gpx,武陵四秀-桃山 (2).gpx
HikingBook_gpx,武陵四秀-桃山.gpx
HikingBook_gpx,武陵四秀-桃山單攻.gpx
HikingBook_gpx,武陵四秀.gpx
HikingBook_gpx,武陵四秀D1.gpx
HikingBook_gpx,武陵四秀D3.gpx
HikingBook_gpx,武陵四秀—桃山.gpx
HikingBook_gpx,武陵四秀一日單攻.gpx
HikingBook_gpx,武陵四秀一日單攻（逆走不停錶）.gpx
HikingBook_gpx,武陵四秀單攻.gpx
HikingBook_gpx,武陵四秀桃山+喀拉業山.gpx
HikingBook_gpx,武陵四秀桃山.gpx
HikingBook_gpx,武陵四秀～桃山、喀拉業.gpx
HikingBook_gpx,武陵四秀～桃山單攻.gpx
HikingBook_gpx,武陵山莊 - 桃山、喀拉業.gpx
HikingBook_gpx,武陵桃山 (1).gpx
HikingBook_gpx,武陵桃山.gpx
HikingBook_gpx,武陵桃山瀑布 (1).gpx
HikingBook_gpx,武陵桃山瀑布.gpx
HikingBook_gpx,武陵農場 桃山瀑布.gpx
HikingBook_gpx,武陵農場-桃山瀑布.gpx
HikingBook_gpx,武陵農場一桃山瀑布.gpx
HikingBook_gpx,武陵農場桃山.gpx
HikingBook_gpx,武陵農場桃山瀑布步道.gpx
HikingBook_gpx,池有山.gpx
HikingBook_gpx,池有－桃山單攻.gpx
HikingBook_gpx,百岳-桃山 (1).gpx
HikingBook_gpx,百岳-桃山.gpx
HikingBook_gpx,睡過頭的桃山喀拉頁山單攻.gpx
HikingBook_gpx,石猴桃山沼平.gpx
HikingBook_gpx,第三次桃山賞白牆.gpx
HikingBook_gpx,第二座百岳：桃山.gpx
HikingBook_gpx,聖誕桃山.gpx
HikingBook_gpx,雪山坑步道.gpx
HikingBook_gpx,雪山群峰-桃山喀拉業一日行.gpx
HikingBook_gpx,［百岳］一日武陵三秀（桃山、喀拉業山、池有山）.gpx
HikingBook_gpx,［百岳］武陵四秀- 桃山喀拉業.gpx
HikingNote_gpx,0521桃山單攻.gpx
HikingNote_gpx,1100514桃山.gpx
HikingNote_gpx,1110925桃山.gpx
HikingNote_gpx,1120504 一日武陵四秀(桃山、喀拉業山、池有山、品田山).gpx
HikingNote_gpx,1120521桃山單登.gpx
HikingNote_gpx,1130920單攻桃山.gpx
HikingNote_gpx,11_27武陵四秀-桃山.gpx
HikingNote_gpx,13825桃山單攻.gpx
HikingNote_gpx,2017-04-30 桃山單攻.gpx
HikingNote_gpx,2017.12.23-24 武陵二秀之桃山喀拉業(親子登山_小三至小六).gpx
HikingNote_gpx,20181229_一日三秀-品田 池有 桃山.gpx
HikingNote_gpx,20190615桃山喀拉業單攻.gpx
HikingNote_gpx,20190629_一日桃山喀拉業.gpx
HikingNote_gpx,20190629桃山喀拉業單攻.gpx
HikingNote_gpx,20190914桃山單攻.gpx
HikingNote_gpx,20191227 池有山.桃山O型線單攻.gpx
HikingNote_gpx,2020-03-01桃山喀拉葉.gpx
HikingNote_gpx,20200418-19桃山-詩崙山-喀拉業山(兩天一夜).gpx
HikingNote_gpx,20200716 - 一日單攻桃山.gpx
HikingNote_gpx,20201031桃山.gpx
HikingNote_gpx,20201219 武陵三秀品田池有桃山.gpx
HikingNote_gpx,2020322桃山單攻.gpx
HikingNote_gpx,2020_07_12武陵二秀-池有桃山.gpx
HikingNote_gpx,2021 武陵二秀：桃山、池有山O型單攻.gpx
HikingNote_gpx,2021-03-13_桃山一日單攻.gpx
HikingNote_gpx,2021-12-25 桃山 +桃山瀑布.gpx
HikingNote_gpx,2021.04.17桃山單攻.gpx
HikingNote_gpx,2021.12.13 雪山聖稜線O型 ( O聖 ).gpx
HikingNote_gpx,20210228_20210301_台中和平武陵三秀.gpx
HikingNote_gpx,20210321 桃山.gpx
HikingNote_gpx,20210321二刷桃山慢慢走.gpx
HikingNote_gpx,20210419 桃山池有單攻.gpx
HikingNote_gpx,20210814桃山單攻.gpx
HikingNote_gpx,20210927-28武陵四秀2日.gpx
HikingNote_gpx,20211205桃山.gpx
HikingNote_gpx,20211210桃山單攻.gpx
HikingNote_gpx,2021_04_30 - 05_01 武陵四秀.gpx
HikingNote_gpx,2021桃山.gpx
HikingNote_gpx,2022.12.24 桃山.gpx
HikingNote_gpx,20220404桃山單攻.gpx
HikingNote_gpx,20220414桃山單攻.gpx
HikingNote_gpx,20220704 桃山單攻.gpx
HikingNote_gpx,20220723_武陵二秀-桃喀單攻.gpx
HikingNote_gpx,20220806 桃山.gpx
HikingNote_gpx,20221002桃山_詩崙山_喀拉業山.gpx
HikingNote_gpx,20221121 桃山 (武陵四秀).gpx
HikingNote_gpx,20221121桃山單攻.gpx
HikingNote_gpx,20221211 桃山單攻.gpx
HikingNote_gpx,2023-03-27…29_武陵四秀逆走（3天2夜).gpx
HikingNote_gpx,2023-04-22_附中桃山單攻.gpx
HikingNote_gpx,20230430 阿湯哥桃山喀拉業單攻.gpx
HikingNote_gpx,20230714武陵四秀（桃山）.gpx
HikingNote_gpx,20231014 - 15 米羅佐得寒上桃山(米佐桃縱走).gpx
HikingNote_gpx,20231026桃山.gpx
HikingNote_gpx,2023_10_23～25 武陵四秀.gpx
HikingNote_gpx,2024.12.07單攻桃山初體驗.gpx
HikingNote_gpx,20240813 武陵四秀D1 武陵山莊-桃山-桃山山屋 (缺2K-桃山山屋路徑).gpx
HikingNote_gpx,20240902 桃山單攻.gpx
HikingNote_gpx,2025-02-28_桃山神木D1(武陵山莊-桃山-H2880營地).gpx
HikingNote_gpx,2025-03-01_桃山神木D2(H2880營地-桃山神木).gpx
HikingNote_gpx,2025-03-02_桃山神木D3(H2880營地-武陵山莊).gpx
HikingNote_gpx,20250517-桃山.gpx
HikingNote_gpx,20251221桃山單攻嗚嗚嗚.gpx
HikingNote_gpx,228桃山單攻GO.gpx
HikingNote_gpx,230914桃喀單攻.gpx
HikingNote_gpx,240517桃山單攻.gpx
HikingNote_gpx,BENTANG桃山單攻.gpx
HikingNote_gpx,D1 武陵山莊_桃山_桃山山屋.gpx
HikingNote_gpx,Ko.gpx
HikingNote_gpx,Ryan＆Angel_桃喀單攻首刷.gpx
HikingNote_gpx,_山.gpx
HikingNote_gpx,ℂ𝕙𝕖𝕣雪兒 桃喀單攻（桃山、喀拉業）.gpx
HikingNote_gpx,【武陵二秀】桃山、喀拉業山單攻.gpx
HikingNote_gpx,一天一喀桃.gpx
HikingNote_gpx,一日三秀.gpx
HikingNote_gpx,一日桃喀 (1).gpx
HikingNote_gpx,一日桃喀 (2).gpx
HikingNote_gpx,一日桃喀 桃山 喀拉業.gpx
HikingNote_gpx,一日桃喀.gpx
HikingNote_gpx,一日桃山 (1).gpx
HikingNote_gpx,一日桃山.gpx
HikingNote_gpx,一日桃山單攻.gpx
HikingNote_gpx,一日武陵三秀(桃喀池).gpx
HikingNote_gpx,一日武陵四秀 (1).gpx
HikingNote_gpx,一日武陵四秀.gpx
HikingNote_gpx,佐得寒喀桃山武陵.gpx
HikingNote_gpx,包愛罐帶小孩桃山單攻.gpx
HikingNote_gpx,取桃計畫.gpx
HikingNote_gpx,台中－臺灣百大必訪步道武陵四秀登山步道20241222173230.gpx
HikingNote_gpx,品田山-池有山-桃山一日單攻.gpx
HikingNote_gpx,喀拉業.gpx
HikingNote_gpx,單攻桃山 (1).gpx
HikingNote_gpx,單攻桃山.gpx
HikingNote_gpx,單攻桃山喀拉業山。Vito.20220604.gpx
HikingNote_gpx,單攻桃山（上）.gpx
HikingNote_gpx,單日喀拉業 桃山.gpx
HikingNote_gpx,四秀桃山.gpx
HikingNote_gpx,妮妮.gpx
HikingNote_gpx,小魚桃山生日趴.gpx
HikingNote_gpx,慢速單攻桃山.gpx
HikingNote_gpx,日本桃山瞭望台原路折返.gpx
HikingNote_gpx,桃克.gpx
HikingNote_gpx,桃喀.gpx
HikingNote_gpx,桃山 (1).gpx
HikingNote_gpx,桃山 (10).gpx
HikingNote_gpx,桃山 (11).gpx
HikingNote_gpx,桃山 (12).gpx
HikingNote_gpx,桃山 (13).gpx
HikingNote_gpx,桃山 (14).gpx
HikingNote_gpx,桃山 (15).gpx
HikingNote_gpx,桃山 (16).gpx
HikingNote_gpx,桃山 (17).gpx
HikingNote_gpx,桃山 (18).gpx
HikingNote_gpx,桃山 (19).gpx
HikingNote_gpx,桃山 (2).gpx
HikingNote_gpx,桃山 (20).gpx
HikingNote_gpx,桃山 (21).gpx
HikingNote_gpx,桃山 (22).gpx
HikingNote_gpx,桃山 (23).gpx
HikingNote_gpx,桃山 (24).gpx
HikingNote_gpx,桃山 (25).gpx
HikingNote_gpx,桃山 (26).gpx
HikingNote_gpx,桃山 (27).gpx
HikingNote_gpx,桃山 (28).gpx
HikingNote_gpx,桃山 (29).gpx
HikingNote_gpx,桃山 (3).gpx
HikingNote_gpx,桃山 (30).gpx
HikingNote_gpx,桃山 (31).gpx
HikingNote_gpx,桃山 (32).gpx
HikingNote_gpx,桃山 (33).gpx
HikingNote_gpx,桃山 (34).gpx
HikingNote_gpx,桃山 (35).gpx
HikingNote_gpx,桃山 (36).gpx
HikingNote_gpx,桃山 (37).gpx
HikingNote_gpx,桃山 (38).gpx
HikingNote_gpx,桃山 (39).gpx
HikingNote_gpx,桃山 (4).gpx
HikingNote_gpx,桃山 (40).gpx
HikingNote_gpx,桃山 (41).gpx
HikingNote_gpx,桃山 (42).gpx
HikingNote_gpx,桃山 (43).gpx
HikingNote_gpx,桃山 (44).gpx
HikingNote_gpx,桃山 (45).gpx
HikingNote_gpx,桃山 (46).gpx
HikingNote_gpx,桃山 (47).gpx
HikingNote_gpx,桃山 (48).gpx
HikingNote_gpx,桃山 (49).gpx
HikingNote_gpx,桃山 (5).gpx
HikingNote_gpx,桃山 (6).gpx
HikingNote_gpx,桃山 (7).gpx
HikingNote_gpx,桃山 (8).gpx
HikingNote_gpx,桃山 (9).gpx
HikingNote_gpx,桃山 池有一日單攻.gpx
HikingNote_gpx,桃山(上).gpx
HikingNote_gpx,桃山(下山).gpx
HikingNote_gpx,桃山-喀拉業山.gpx
HikingNote_gpx,桃山-未完成.gpx
HikingNote_gpx,桃山.gpx
HikingNote_gpx,桃山1.5K.gpx
HikingNote_gpx,桃山1111008 (1).gpx
HikingNote_gpx,桃山1111008.gpx
HikingNote_gpx,桃山1125.gpx
HikingNote_gpx,桃山1日單攻.gpx
HikingNote_gpx,桃山D1.gpx
HikingNote_gpx,桃山_喀拉業山 (兩天一夜).gpx
HikingNote_gpx,桃山、喀拉業山.gpx
HikingNote_gpx,桃山一日單攻 (1).gpx
HikingNote_gpx,桃山一日單攻 (2).gpx
HikingNote_gpx,桃山一日單攻 (3).gpx
HikingNote_gpx,桃山一日單攻 (4).gpx
HikingNote_gpx,桃山一日單攻 (5).gpx
HikingNote_gpx,桃山一日單攻 (6).gpx
HikingNote_gpx,桃山一日單攻 (7).gpx
HikingNote_gpx,桃山一日單攻 (8).gpx
HikingNote_gpx,桃山一日單攻 (9).gpx
HikingNote_gpx,桃山一日單攻.gpx
HikingNote_gpx,桃山一日單攻！.gpx
HikingNote_gpx,桃山三刷.gpx
HikingNote_gpx,桃山三角點-桃山山屋.gpx
HikingNote_gpx,桃山上吃粽子.gpx
HikingNote_gpx,桃山上山.gpx
HikingNote_gpx,桃山上池有下.gpx
HikingNote_gpx,桃山下山.gpx
HikingNote_gpx,桃山下桃山登山口.gpx
HikingNote_gpx,桃山出大景.gpx
HikingNote_gpx,桃山加池有山單攻.gpx
HikingNote_gpx,桃山喀拉業.gpx
HikingNote_gpx,桃山喀拉業2日行D1.gpx
HikingNote_gpx,桃山喀拉業2日行D2.gpx
HikingNote_gpx,桃山喀拉業單攻 (1).gpx
HikingNote_gpx,桃山喀拉業單攻.gpx
HikingNote_gpx,桃山喀拉業山.gpx
HikingNote_gpx,桃山喀拉業山兩天一夜.gpx
HikingNote_gpx,桃山喀拉業山（一日）.gpx
HikingNote_gpx,桃山單供20230625.gpx
HikingNote_gpx,桃山單攻 (1).gpx
HikingNote_gpx,桃山單攻 (10).gpx
HikingNote_gpx,桃山單攻 (11).gpx
HikingNote_gpx,桃山單攻 (12).gpx
HikingNote_gpx,桃山單攻 (13).gpx
HikingNote_gpx,桃山單攻 (14).gpx
HikingNote_gpx,桃山單攻 (15).gpx
HikingNote_gpx,桃山單攻 (16).gpx
HikingNote_gpx,桃山單攻 (17).gpx
HikingNote_gpx,桃山單攻 (18).gpx
HikingNote_gpx,桃山單攻 (19).gpx
HikingNote_gpx,桃山單攻 (2).gpx
HikingNote_gpx,桃山單攻 (20).gpx
HikingNote_gpx,桃山單攻 (21).gpx
HikingNote_gpx,桃山單攻 (22).gpx
HikingNote_gpx,桃山單攻 (23).gpx
HikingNote_gpx,桃山單攻 (24).gpx
HikingNote_gpx,桃山單攻 (25).gpx
HikingNote_gpx,桃山單攻 (26).gpx
HikingNote_gpx,桃山單攻 (27).gpx
HikingNote_gpx,桃山單攻 (28).gpx
HikingNote_gpx,桃山單攻 (29).gpx
HikingNote_gpx,桃山單攻 (3).gpx
HikingNote_gpx,桃山單攻 (30).gpx
HikingNote_gpx,桃山單攻 (31).gpx
HikingNote_gpx,桃山單攻 (32).gpx
HikingNote_gpx,桃山單攻 (33).gpx
HikingNote_gpx,桃山單攻 (34).gpx
HikingNote_gpx,桃山單攻 (35).gpx
HikingNote_gpx,桃山單攻 (36).gpx
HikingNote_gpx,桃山單攻 (37).gpx
HikingNote_gpx,桃山單攻 (38).gpx
HikingNote_gpx,桃山單攻 (39).gpx
HikingNote_gpx,桃山單攻 (4).gpx
HikingNote_gpx,桃山單攻 (40).gpx
HikingNote_gpx,桃山單攻 (41).gpx
HikingNote_gpx,桃山單攻 (42).gpx
HikingNote_gpx,桃山單攻 (43).gpx
HikingNote_gpx,桃山單攻 (44).gpx
HikingNote_gpx,桃山單攻 (45).gpx
HikingNote_gpx,桃山單攻 (46).gpx
HikingNote_gpx,桃山單攻 (47).gpx
HikingNote_gpx,桃山單攻 (48).gpx
HikingNote_gpx,桃山單攻 (49).gpx
HikingNote_gpx,桃山單攻 (5).gpx
HikingNote_gpx,桃山單攻 (50).gpx
HikingNote_gpx,桃山單攻 (6).gpx
HikingNote_gpx,桃山單攻 (7).gpx
HikingNote_gpx,桃山單攻 (8).gpx
HikingNote_gpx,桃山單攻 (9).gpx
HikingNote_gpx,桃山單攻 (單程，下一半手錶沒電，縮減檔案).gpx
HikingNote_gpx,桃山單攻 全程.gpx
HikingNote_gpx,桃山單攻 去程.gpx
HikingNote_gpx,桃山單攻 吊橋起登.gpx
HikingNote_gpx,桃山單攻 回程.gpx
HikingNote_gpx,桃山單攻(原路去回).gpx
HikingNote_gpx,桃山單攻+桃山瀑布.gpx
HikingNote_gpx,桃山單攻-未完.gpx
HikingNote_gpx,桃山單攻.gpx
HikingNote_gpx,桃山單攻1101104.gpx
HikingNote_gpx,桃山單攻20201025.gpx
HikingNote_gpx,桃山單攻20210814.gpx
HikingNote_gpx,桃山單攻20241208.gpx
HikingNote_gpx,桃山單攻230610.gpx
HikingNote_gpx,桃山單攻一日遊.gpx
HikingNote_gpx,桃山單攻武陵山莊出發.gpx
HikingNote_gpx,桃山單登.gpx
HikingNote_gpx,桃山四秀.gpx
HikingNote_gpx,桃山回程.gpx
HikingNote_gpx,桃山山屋尿尿.gpx
HikingNote_gpx,桃山往返.gpx
HikingNote_gpx,桃山快樂腳.gpx
HikingNote_gpx,桃山慢速單攻.gpx
HikingNote_gpx,桃山步道 (1).gpx
HikingNote_gpx,桃山步道 (2).gpx
HikingNote_gpx,桃山步道.gpx
HikingNote_gpx,桃山池有 (1).gpx
HikingNote_gpx,桃山池有 (2).gpx
HikingNote_gpx,桃山池有 (3).gpx
HikingNote_gpx,桃山池有.gpx
HikingNote_gpx,桃山池有O型.gpx
HikingNote_gpx,桃山池有o型縱走.gpx
HikingNote_gpx,桃山池有一日.gpx
HikingNote_gpx,桃山池有一日攻略.gpx
HikingNote_gpx,桃山池有山.gpx
HikingNote_gpx,桃山池有山縱走.gpx
HikingNote_gpx,桃山環走池有山.gpx
HikingNote_gpx,桃山登山山徑上武陵二秀202010101643.gpx.gpx
HikingNote_gpx,桃山神木-喀拉業北稜-扁柏神殿.gpx
HikingNote_gpx,桃山神木經杜鵑稜線上鐵杉林營地.gpx
HikingNote_gpx,桃山神木鐵杉林營地到桃山登山口.gpx
HikingNote_gpx,桃山耍廢兩天一夜.gpx
HikingNote_gpx,桃山肉腳單.gpx
HikingNote_gpx,桃山處女團.gpx
HikingNote_gpx,桃山陡上之旅.gpx
HikingNote_gpx,桃山雪季單攻.gpx
HikingNote_gpx,桃山（2天1夜）.gpx
HikingNote_gpx,桃山（單攻）.gpx
HikingNote_gpx,桃山＋池有山.gpx
HikingNote_gpx,桃山，池有單攻.gpx
HikingNote_gpx,武陵3秀.gpx
HikingNote_gpx,武陵三秀 (1).gpx
HikingNote_gpx,武陵三秀(桃山→池有山→品田山).gpx
HikingNote_gpx,武陵三秀.gpx
HikingNote_gpx,武陵三秀2日桃山上.gpx
HikingNote_gpx,武陵三秀O型-品田池有桃山.gpx
HikingNote_gpx,武陵三秀一日遊.gpx
HikingNote_gpx,"武陵二秀 D1 [武陵山莊-桃山-桃山山屋] (by Simon's Garmin Fenix 7X, 2022.08.08).gpx"
HikingNote_gpx,武陵二秀(桃山+池有山O型).gpx
HikingNote_gpx,武陵二秀(池有、桃山) (1).gpx
HikingNote_gpx,武陵二秀(池有、桃山).gpx
HikingNote_gpx,武陵二秀(池有桃山).gpx
HikingNote_gpx,武陵二秀桃山池有單攻.gpx
HikingNote_gpx,武陵二秀桃山池有山.gpx
HikingNote_gpx,武陵二秀－桃山喀拉業山單攻1101115.gpx
HikingNote_gpx,武陵四秀 (1).gpx
HikingNote_gpx,武陵四秀 (2).gpx
HikingNote_gpx,武陵四秀 桃山單攻.gpx
HikingNote_gpx,武陵四秀 池有 品田 桃山 (缺喀拉業).gpx
HikingNote_gpx,武陵四秀-桃山&池有山.gpx
HikingNote_gpx,武陵四秀-桃山.gpx
HikingNote_gpx,武陵四秀-桃山單攻.gpx
HikingNote_gpx,武陵四秀.gpx
HikingNote_gpx,武陵四秀.桃山池有大O.20180722.gpx
HikingNote_gpx,武陵四秀之3-桃山、喀拉業、池有山.gpx
HikingNote_gpx,武陵四秀桃山.gpx
HikingNote_gpx,武陵四秀登山步道202307081542.gpx
HikingNote_gpx,武陵山莊+桃山登山山徑來回.gpx
HikingNote_gpx,武陵山莊-桃山-桃山山屋-喀拉業山.gpx
HikingNote_gpx,武陵山莊上桃山喀拉業山走訪扁柏神殿出米羅.gpx
HikingNote_gpx,武陵桃山 (1).gpx
HikingNote_gpx,武陵桃山 (2).gpx
HikingNote_gpx,武陵桃山.gpx
HikingNote_gpx,武陵農場-桃山-桃山山屋-武陵農場2018.10.22-10.24.gpx
HikingNote_gpx,武陵農場-桃山山屋.gpx
HikingNote_gpx,池有山桃山_池桃O型縱走_武陵四秀.gpx
HikingNote_gpx,浪花桃山.gpx
HikingNote_gpx,第二顆百岳🙌🏻GET.gpx
HikingNote_gpx,米羅神殿上桃山.gpx
HikingNote_gpx,這才是平民.gpx
HikingNote_gpx,遠山含笑 芳草碧連天.gpx
HikingNote_gpx,重裝 新達到桃山下武陵山莊.gpx
HikingNote_gpx,馬偕寶寶桃山單攻.gpx
